Total Revenue,Total Profit,Average Profit Margin (%),Average Logistics Efficiency,Average Supplier Score,Total Units Sold,Average Inventory Turnover
577604.8187380086,-1890521.1417198787,-558.3336657291356,0.16476825769106093,0.24953555957125706,46099,24.47479349588767
